{"cameraMode":{"drawMode":0,"name":"Shaded","section":"Shading Mode"},"sceneLighting":true,"audioPlay":false,"sceneViewState":{"showFog":true,"showMaterialUpdate":false,"showSkybox":true,"showFlares":true,"showImageEffects":true,"showParticleSystems":true},"in2DMode":false,"pivot":{"x":5.430558204650879,"y":3.2542238235473635,"z":2.0498530864715578},"rotation":{"x":0.002090684836730361,"y":-0.014702643267810345,"z":-0.000022710102712153457,"w":-0.9998977780342102},"size":9.790550231933594,"orthographic":false}