{"cameraMode":{"drawMode":0,"name":"Shaded","section":"Shading Mode"},"sceneLighting":true,"audioPlay":false,"sceneViewState":{"showFog":true,"showMaterialUpdate":false,"showSkybox":true,"showFlares":true,"showImageEffects":true,"showParticleSystems":true},"in2DMode":false,"pivot":{"x":-0.2451772838830948,"y":-0.5088896751403809,"z":2.1049180030822756},"rotation":{"x":-0.0364365316927433,"y":-0.9549735188484192,"z":0.2630762755870819,"w":-0.13233530521392823},"size":4.805054664611816,"orthographic":false}