{"cameraMode":{"drawMode":0,"name":"Shaded","section":"Shading Mode"},"sceneLighting":true,"audioPlay":false,"sceneViewState":{"showFog":true,"showMaterialUpdate":false,"showSkybox":true,"showFlares":true,"showImageEffects":true,"showParticleSystems":true},"in2DMode":false,"pivot":{"x":0.4026111960411072,"y":0.3066757917404175,"z":0.9826323986053467},"rotation":{"x":-0.10577242821455002,"y":-0.12019258737564087,"z":0.013385657221078873,"w":-0.9870885610580444},"size":4.895501613616943,"orthographic":false}