{"cameraMode":{"drawMode":0,"name":"Shaded","section":"Shading Mode"},"sceneLighting":true,"audioPlay":false,"sceneViewState":{"showFog":true,"showMaterialUpdate":false,"showSkybox":true,"showFlares":true,"showImageEffects":true,"showParticleSystems":true},"in2DMode":false,"pivot":{"x":-1.4796139001846314,"y":-0.9027804136276245,"z":-1.694061040878296},"rotation":{"x":0.24235522747039796,"y":-0.15007594227790833,"z":0.03784700483083725,"w":0.9578161835670471},"size":4.255112648010254,"orthographic":false}