{"cameraMode":{"drawMode":0,"name":"Shaded","section":"Shading Mode"},"sceneLighting":false,"audioPlay":false,"sceneViewState":{"showFog":true,"showMaterialUpdate":false,"showSkybox":true,"showFlares":true,"showImageEffects":true,"showParticleSystems":true},"in2DMode":false,"pivot":{"x":1.1112518310546876,"y":3.2449638843536379,"z":0.4251946210861206},"rotation":{"x":0.13957014679908753,"y":-0.16024933755397798,"z":0.022892456501722337,"w":0.9769030213356018},"size":9.578277587890625,"orthographic":false}