{"cameraMode":{"drawMode":0,"name":"Shaded","section":"Shading Mode"},"sceneLighting":true,"audioPlay":false,"sceneViewState":{"showFog":true,"showMaterialUpdate":false,"showSkybox":true,"showFlares":true,"showImageEffects":true,"showParticleSystems":true},"in2DMode":false,"pivot":{"x":895.0743408203125,"y":361.15020751953127,"z":5.909200191497803},"rotation":{"x":0.07761272042989731,"y":-0.016754085198044778,"z":0.0012875444954261184,"w":0.9968618750572205},"size":48.50294876098633,"orthographic":false}