{"cameraMode":{"drawMode":0,"name":"Shaded","section":"Shading Mode"},"sceneLighting":true,"audioPlay":false,"sceneViewState":{"showFog":true,"showMaterialUpdate":false,"showSkybox":true,"showFlares":true,"showImageEffects":true,"showParticleSystems":true},"in2DMode":false,"pivot":{"x":-0.2742576599121094,"y":1.119580864906311,"z":0.3378361463546753},"rotation":{"x":-0.24076586961746217,"y":-0.034351758658885959,"z":0.008528770878911019,"w":-0.9699437618255615},"size":0.5885919332504273,"orthographic":false}