{"cameraMode":{"drawMode":0,"name":"Shaded","section":"Shading Mode"},"sceneLighting":true,"audioPlay":false,"sceneViewState":{"showFog":true,"showMaterialUpdate":false,"showSkybox":true,"showFlares":true,"showImageEffects":true,"showParticleSystems":true},"in2DMode":false,"pivot":{"x":-0.25,"y":1.2457001209259034,"z":0.14774587750434876},"rotation":{"x":-0.19553197920322419,"y":-0.00971154309809208,"z":0.0019363523460924626,"w":-0.9806480407714844},"size":0.2862934172153473,"orthographic":false}