{"cameraMode":{"drawMode":0,"name":"Shaded","section":"Shading Mode"},"sceneLighting":true,"audioPlay":false,"sceneViewState":{"showFog":true,"showMaterialUpdate":false,"showSkybox":true,"showFlares":true,"showImageEffects":true,"showParticleSystems":true},"in2DMode":false,"pivot":{"x":-0.2656402885913849,"y":1.189987063407898,"z":0.11954470723867417},"rotation":{"x":-0.23362484574317933,"y":-0.00671183317899704,"z":0.0016127291601151229,"w":-0.9723025560379028},"size":0.2862934172153473,"orthographic":false}